"","simCount","timestamp","model_type","vod_type","GOF_per_vod_type","RMSE_per_vod_type","NRMSE_per_vod_type","RSQ_per_vod_type","GOF_combined","RMSE_combined","NRMSE_combined","RSQ_combined","vod_params","vod_count","rounds_per_vod","players_count","util_max","util_none","p1_coop_cost","p2_coop_cost","p3_coop_cost","p1_params","p1_X","p1_players_per_state","p1_balancing","p1_prop_start","p1_epsilon_start","p1_epsilon_decay","p1_alpha","p1_gamma","p1_social_behavior","p2_params","p2_X","p2_players_per_state","p2_balancing","p2_prop_start","p2_epsilon_start","p2_epsilon_decay","p2_alpha","p2_gamma","p2_social_behavior","p3_params","p3_X","p3_players_per_state","p3_balancing","p3_prop_start","p3_epsilon_start","p3_epsilon_decay","p3_alpha","p3_gamma","p3_social_behavior"
"1",1889,"2017-06-11 00:02:55","ClassicQ","sym","###",39.439130314955,172.9,0.172145457960361,"#",40.4339791099845,196.1,0.135724788838354,"###",10,150,3,80,0,50,50,50,"#####",2,1,"noise",120,0.1,1,0.55,0.9,"altruistic","#####",2,1,"noise",120,0.1,1,0.55,0.9,"altruistic","#####",2,1,"noise",120,0.1,1,0.55,0.9,"altruistic"
"2",1889,"2017-06-11 00:02:55","ClassicQ","asym1","###",34.1213276412276,201.9,0.532440358123508,"#",40.4339791099845,196.1,0.135724788838354,"###",10,150,3,80,0,30,50,50,"#####",2,1,"noise",120,0.1,1,0.55,0.9,"altruistic","#####",2,1,"noise",120,0.1,1,0.55,0.9,"altruistic","#####",2,1,"noise",120,0.1,1,0.55,0.9,"altruistic"
"3",1889,"2017-06-11 00:02:55","ClassicQ","asym2","###",46.7440905355961,170.3,0.0153448611529,"#",40.4339791099845,196.1,0.135724788838354,"###",10,150,3,80,0,10,50,50,"#####",2,1,"noise",120,0.1,1,0.55,0.9,"altruistic","#####",2,1,"noise",120,0.1,1,0.55,0.9,"altruistic","#####",2,1,"noise",120,0.1,1,0.55,0.9,"altruistic"
"1",1890,"2017-06-11 00:04:15","ClassicQ","sym","###",39.439130314955,172.9,0.172145457960361,"#",40.4339791099845,196.1,0.135724788838354,"###",10,150,3,80,0,50,50,50,"#####",3,1,"noise",120,0.1,1,0.55,0.9,"altruistic","#####",3,1,"noise",120,0.1,1,0.55,0.9,"altruistic","#####",3,1,"noise",120,0.1,1,0.55,0.9,"altruistic"
"2",1890,"2017-06-11 00:04:15","ClassicQ","asym1","###",34.1213276412276,201.9,0.532440358123508,"#",40.4339791099845,196.1,0.135724788838354,"###",10,150,3,80,0,30,50,50,"#####",3,1,"noise",120,0.1,1,0.55,0.9,"altruistic","#####",3,1,"noise",120,0.1,1,0.55,0.9,"altruistic","#####",3,1,"noise",120,0.1,1,0.55,0.9,"altruistic"
"3",1890,"2017-06-11 00:04:15","ClassicQ","asym2","###",46.7440905355961,170.3,0.0153448611529,"#",40.4339791099845,196.1,0.135724788838354,"###",10,150,3,80,0,10,50,50,"#####",3,1,"noise",120,0.1,1,0.55,0.9,"altruistic","#####",3,1,"noise",120,0.1,1,0.55,0.9,"altruistic","#####",3,1,"noise",120,0.1,1,0.55,0.9,"altruistic"
"1",1891,"2017-06-11 00:05:08","ClassicQ","sym","###",39.439130314955,172.9,0.172145457960361,"#",40.3183994391312,195.5,0.135295977916192,"###",10,150,3,80,0,50,50,50,"#####",2,1,"noise",120,0.2,0.98,0.25,0.6,"altruistic","#####",2,1,"noise",120,0.2,0.98,0.25,0.6,"altruistic","#####",2,1,"noise",120,0.2,0.98,0.25,0.6,"altruistic"
"2",1891,"2017-06-11 00:05:08","ClassicQ","asym1","###",33.7085300777118,199.4,0.532440358123508,"#",40.3183994391312,195.5,0.135295977916192,"###",10,150,3,80,0,30,50,50,"#####",2,1,"noise",120,0.2,0.98,0.25,0.6,"altruistic","#####",2,1,"noise",120,0.2,0.98,0.25,0.6,"altruistic","#####",2,1,"noise",120,0.2,0.98,0.25,0.6,"altruistic"
"3",1891,"2017-06-11 00:05:08","ClassicQ","asym2","###",46.7440905355961,170.3,0.0153448611529,"#",40.3183994391312,195.5,0.135295977916192,"###",10,150,3,80,0,10,50,50,"#####",2,1,"noise",120,0.2,0.98,0.25,0.6,"altruistic","#####",2,1,"noise",120,0.2,0.98,0.25,0.6,"altruistic","#####",2,1,"noise",120,0.2,0.98,0.25,0.6,"altruistic"
"1",1892,"2017-06-11 00:06:29","ClassicQ","sym","###",37.545905236124,164.6,0.172145457960362,"#",36.662060316718,177.8,0.145835182808271,"###",10,150,3,80,0,50,50,50,"#####",3,1,"noise",120,0.2,0.98,0.25,0.6,"altruistic","#####",3,1,"noise",120,0.2,0.98,0.25,0.6,"altruistic","#####",3,1,"noise",120,0.2,0.98,0.25,0.6,"altruistic"
"2",1892,"2017-06-11 00:06:29","ClassicQ","asym1","###",33.6513744147249,199.1,0.526207002667064,"#",36.662060316718,177.8,0.145835182808271,"###",10,150,3,80,0,30,50,50,"#####",3,1,"noise",120,0.2,0.98,0.25,0.6,"altruistic","#####",3,1,"noise",120,0.2,0.98,0.25,0.6,"altruistic","#####",3,1,"noise",120,0.2,0.98,0.25,0.6,"altruistic"
"3",1892,"2017-06-11 00:06:29","ClassicQ","asym2","###",38.6032382061402,140.6,0.0153448611529,"#",36.662060316718,177.8,0.145835182808271,"###",10,150,3,80,0,10,50,50,"#####",3,1,"noise",120,0.2,0.98,0.25,0.6,"altruistic","#####",3,1,"noise",120,0.2,0.98,0.25,0.6,"altruistic","#####",3,1,"noise",120,0.2,0.98,0.25,0.6,"altruistic"
"1",1893,"2017-06-11 00:07:22","ClassicQ","sym","###",39.439130314955,172.9,0.172145457960361,"#",37.260434780072,180.7,0.147937756866067,"###",10,150,3,80,0,50,50,50,"#####",2,1,"noise",120,0.2,0.98,0.25,0.75,"altruistic","#####",2,1,"noise",120,0.2,0.98,0.25,0.75,"altruistic","#####",2,1,"noise",120,0.2,0.98,0.25,0.75,"altruistic"
"2",1893,"2017-06-11 00:07:22","ClassicQ","asym1","###",34.1213276412276,201.9,0.532440358123508,"#",37.260434780072,180.7,0.147937756866067,"###",10,150,3,80,0,30,50,50,"#####",2,1,"noise",120,0.2,0.98,0.25,0.75,"altruistic","#####",2,1,"noise",120,0.2,0.98,0.25,0.75,"altruistic","#####",2,1,"noise",120,0.2,0.98,0.25,0.75,"altruistic"
"3",1893,"2017-06-11 00:07:22","ClassicQ","asym2","###",38.0172329345522,138.5,0.0153448611529,"#",37.260434780072,180.7,0.147937756866067,"###",10,150,3,80,0,10,50,50,"#####",2,1,"noise",120,0.2,0.98,0.25,0.75,"altruistic","#####",2,1,"noise",120,0.2,0.98,0.25,0.75,"altruistic","#####",2,1,"noise",120,0.2,0.98,0.25,0.75,"altruistic"
"1",1894,"2017-06-11 00:08:43","ClassicQ","sym","###",39.439130314955,172.9,0.172145457960361,"#",39.4644143501459,191.4,0.139400266220352,"###",10,150,3,80,0,50,50,50,"#####",3,1,"noise",120,0.2,0.98,0.25,0.75,"altruistic","#####",3,1,"noise",120,0.2,0.98,0.25,0.75,"altruistic","#####",3,1,"noise",120,0.2,0.98,0.25,0.75,"altruistic"
"2",1894,"2017-06-11 00:08:43","ClassicQ","asym1","###",34.1213276412276,201.9,0.532440358123508,"#",39.4644143501459,191.4,0.139400266220352,"###",10,150,3,80,0,30,50,50,"#####",3,1,"noise",120,0.2,0.98,0.25,0.75,"altruistic","#####",3,1,"noise",120,0.2,0.98,0.25,0.75,"altruistic","#####",3,1,"noise",120,0.2,0.98,0.25,0.75,"altruistic"
"3",1894,"2017-06-11 00:08:43","ClassicQ","asym2","###",44.1883468801448,161,0.0153448611528999,"#",39.4644143501459,191.4,0.139400266220352,"###",10,150,3,80,0,10,50,50,"#####",3,1,"noise",120,0.2,0.98,0.25,0.75,"altruistic","#####",3,1,"noise",120,0.2,0.98,0.25,0.75,"altruistic","#####",3,1,"noise",120,0.2,0.98,0.25,0.75,"altruistic"
"1",1895,"2017-06-11 00:09:36","ClassicQ","sym","###",39.439130314955,172.9,0.172145457960361,"#",40.4339791099845,196.1,0.135724788838354,"###",10,150,3,80,0,50,50,50,"#####",2,1,"noise",120,0.2,0.98,0.25,0.9,"altruistic","#####",2,1,"noise",120,0.2,0.98,0.25,0.9,"altruistic","#####",2,1,"noise",120,0.2,0.98,0.25,0.9,"altruistic"
"2",1895,"2017-06-11 00:09:36","ClassicQ","asym1","###",34.1213276412276,201.9,0.532440358123508,"#",40.4339791099845,196.1,0.135724788838354,"###",10,150,3,80,0,30,50,50,"#####",2,1,"noise",120,0.2,0.98,0.25,0.9,"altruistic","#####",2,1,"noise",120,0.2,0.98,0.25,0.9,"altruistic","#####",2,1,"noise",120,0.2,0.98,0.25,0.9,"altruistic"
"3",1895,"2017-06-11 00:09:36","ClassicQ","asym2","###",46.7440905355961,170.3,0.0153448611529,"#",40.4339791099845,196.1,0.135724788838354,"###",10,150,3,80,0,10,50,50,"#####",2,1,"noise",120,0.2,0.98,0.25,0.9,"altruistic","#####",2,1,"noise",120,0.2,0.98,0.25,0.9,"altruistic","#####",2,1,"noise",120,0.2,0.98,0.25,0.9,"altruistic"
"1",1896,"2017-06-11 00:10:57","ClassicQ","sym","###",39.439130314955,172.9,0.172145457960361,"#",40.4339791099845,196.1,0.135724788838354,"###",10,150,3,80,0,50,50,50,"#####",3,1,"noise",120,0.2,0.98,0.25,0.9,"altruistic","#####",3,1,"noise",120,0.2,0.98,0.25,0.9,"altruistic","#####",3,1,"noise",120,0.2,0.98,0.25,0.9,"altruistic"
"2",1896,"2017-06-11 00:10:57","ClassicQ","asym1","###",34.1213276412276,201.9,0.532440358123508,"#",40.4339791099845,196.1,0.135724788838354,"###",10,150,3,80,0,30,50,50,"#####",3,1,"noise",120,0.2,0.98,0.25,0.9,"altruistic","#####",3,1,"noise",120,0.2,0.98,0.25,0.9,"altruistic","#####",3,1,"noise",120,0.2,0.98,0.25,0.9,"altruistic"
"3",1896,"2017-06-11 00:10:57","ClassicQ","asym2","###",46.7440905355961,170.3,0.0153448611529,"#",40.4339791099845,196.1,0.135724788838354,"###",10,150,3,80,0,10,50,50,"#####",3,1,"noise",120,0.2,0.98,0.25,0.9,"altruistic","#####",3,1,"noise",120,0.2,0.98,0.25,0.9,"altruistic","#####",3,1,"noise",120,0.2,0.98,0.25,0.9,"altruistic"
"1",1897,"2017-06-11 00:11:50","ClassicQ","sym","###",39.0550252848465,171.2,0.172145457960362,"#",40.3095108710918,195.4,0.135605484886797,"###",10,150,3,80,0,50,50,50,"#####",2,1,"noise",120,0.2,0.98,0.4,0.6,"altruistic","#####",2,1,"noise",120,0.2,0.98,0.4,0.6,"altruistic","#####",2,1,"noise",120,0.2,0.98,0.4,0.6,"altruistic"
"2",1897,"2017-06-11 00:11:50","ClassicQ","asym1","###",34.1213276412276,201.9,0.532440358123508,"#",40.3095108710918,195.4,0.135605484886797,"###",10,150,3,80,0,30,50,50,"#####",2,1,"noise",120,0.2,0.98,0.4,0.6,"altruistic","#####",2,1,"noise",120,0.2,0.98,0.4,0.6,"altruistic","#####",2,1,"noise",120,0.2,0.98,0.4,0.6,"altruistic"
"3",1897,"2017-06-11 00:11:50","ClassicQ","asym2","###",46.7440905355961,170.3,0.0153448611529,"#",40.3095108710918,195.4,0.135605484886797,"###",10,150,3,80,0,10,50,50,"#####",2,1,"noise",120,0.2,0.98,0.4,0.6,"altruistic","#####",2,1,"noise",120,0.2,0.98,0.4,0.6,"altruistic","#####",2,1,"noise",120,0.2,0.98,0.4,0.6,"altruistic"
"1",1898,"2017-06-11 00:13:11","ClassicQ","sym","###",27.0054624104088,118.4,0.172145457960362,"#",36.8717145429031,178.8,0.122159739127496,"###",10,150,3,80,0,50,50,50,"#####",3,1,"noise",120,0.2,0.98,0.4,0.6,"altruistic","#####",3,1,"noise",120,0.2,0.98,0.4,0.6,"altruistic","#####",3,1,"noise",120,0.2,0.98,0.4,0.6,"altruistic"
"2",1898,"2017-06-11 00:13:11","ClassicQ","asym1","###",34.1213276412276,201.9,0.532440358123508,"#",36.8717145429031,178.8,0.122159739127496,"###",10,150,3,80,0,30,50,50,"#####",3,1,"noise",120,0.2,0.98,0.4,0.6,"altruistic","#####",3,1,"noise",120,0.2,0.98,0.4,0.6,"altruistic","#####",3,1,"noise",120,0.2,0.98,0.4,0.6,"altruistic"
"3",1898,"2017-06-11 00:13:11","ClassicQ","asym2","###",46.7440905355961,170.3,0.0153448611529,"#",36.8717145429031,178.8,0.122159739127496,"###",10,150,3,80,0,10,50,50,"#####",3,1,"noise",120,0.2,0.98,0.4,0.6,"altruistic","#####",3,1,"noise",120,0.2,0.98,0.4,0.6,"altruistic","#####",3,1,"noise",120,0.2,0.98,0.4,0.6,"altruistic"
"1",1899,"2017-06-11 00:14:03","ClassicQ","sym","###",39.439130314955,172.9,0.172145457960361,"#",40.4339791099845,196.1,0.135724788838354,"###",10,150,3,80,0,50,50,50,"#####",2,1,"noise",120,0.2,0.98,0.4,0.75,"altruistic","#####",2,1,"noise",120,0.2,0.98,0.4,0.75,"altruistic","#####",2,1,"noise",120,0.2,0.98,0.4,0.75,"altruistic"
"2",1899,"2017-06-11 00:14:03","ClassicQ","asym1","###",34.1213276412276,201.9,0.532440358123508,"#",40.4339791099845,196.1,0.135724788838354,"###",10,150,3,80,0,30,50,50,"#####",2,1,"noise",120,0.2,0.98,0.4,0.75,"altruistic","#####",2,1,"noise",120,0.2,0.98,0.4,0.75,"altruistic","#####",2,1,"noise",120,0.2,0.98,0.4,0.75,"altruistic"
"3",1899,"2017-06-11 00:14:03","ClassicQ","asym2","###",46.7440905355961,170.3,0.0153448611529,"#",40.4339791099845,196.1,0.135724788838354,"###",10,150,3,80,0,10,50,50,"#####",2,1,"noise",120,0.2,0.98,0.4,0.75,"altruistic","#####",2,1,"noise",120,0.2,0.98,0.4,0.75,"altruistic","#####",2,1,"noise",120,0.2,0.98,0.4,0.75,"altruistic"
"1",1900,"2017-06-11 00:15:25","ClassicQ","sym","###",39.439130314955,172.9,0.172145457960361,"#",39.7071362184012,192.5,0.128292465655561,"###",10,150,3,80,0,50,50,50,"#####",3,1,"noise",120,0.2,0.98,0.4,0.75,"altruistic","#####",3,1,"noise",120,0.2,0.98,0.4,0.75,"altruistic","#####",3,1,"noise",120,0.2,0.98,0.4,0.75,"altruistic"
"2",1900,"2017-06-11 00:15:25","ClassicQ","asym1","###",31.4565573450115,186.1,0.498512357786964,"#",39.7071362184012,192.5,0.128292465655561,"###",10,150,3,80,0,30,50,50,"#####",3,1,"noise",120,0.2,0.98,0.4,0.75,"altruistic","#####",3,1,"noise",120,0.2,0.98,0.4,0.75,"altruistic","#####",3,1,"noise",120,0.2,0.98,0.4,0.75,"altruistic"
"3",1900,"2017-06-11 00:15:25","ClassicQ","asym2","###",46.7440905355961,170.3,0.0153448611529,"#",39.7071362184012,192.5,0.128292465655561,"###",10,150,3,80,0,10,50,50,"#####",3,1,"noise",120,0.2,0.98,0.4,0.75,"altruistic","#####",3,1,"noise",120,0.2,0.98,0.4,0.75,"altruistic","#####",3,1,"noise",120,0.2,0.98,0.4,0.75,"altruistic"
"1",1901,"2017-06-11 00:16:18","ClassicQ","sym","###",39.439130314955,172.9,0.172145457960361,"#",40.4339791099845,196.1,0.135724788838354,"###",10,150,3,80,0,50,50,50,"#####",2,1,"noise",120,0.2,0.98,0.4,0.9,"altruistic","#####",2,1,"noise",120,0.2,0.98,0.4,0.9,"altruistic","#####",2,1,"noise",120,0.2,0.98,0.4,0.9,"altruistic"
"2",1901,"2017-06-11 00:16:18","ClassicQ","asym1","###",34.1213276412276,201.9,0.532440358123508,"#",40.4339791099845,196.1,0.135724788838354,"###",10,150,3,80,0,30,50,50,"#####",2,1,"noise",120,0.2,0.98,0.4,0.9,"altruistic","#####",2,1,"noise",120,0.2,0.98,0.4,0.9,"altruistic","#####",2,1,"noise",120,0.2,0.98,0.4,0.9,"altruistic"
"3",1901,"2017-06-11 00:16:18","ClassicQ","asym2","###",46.7440905355961,170.3,0.0153448611529,"#",40.4339791099845,196.1,0.135724788838354,"###",10,150,3,80,0,10,50,50,"#####",2,1,"noise",120,0.2,0.98,0.4,0.9,"altruistic","#####",2,1,"noise",120,0.2,0.98,0.4,0.9,"altruistic","#####",2,1,"noise",120,0.2,0.98,0.4,0.9,"altruistic"
"1",1902,"2017-06-11 00:17:38","ClassicQ","sym","###",39.439130314955,172.9,0.172145457960361,"#",40.4339791099845,196.1,0.135724788838354,"###",10,150,3,80,0,50,50,50,"#####",3,1,"noise",120,0.2,0.98,0.4,0.9,"altruistic","#####",3,1,"noise",120,0.2,0.98,0.4,0.9,"altruistic","#####",3,1,"noise",120,0.2,0.98,0.4,0.9,"altruistic"
"2",1902,"2017-06-11 00:17:38","ClassicQ","asym1","###",34.1213276412276,201.9,0.532440358123508,"#",40.4339791099845,196.1,0.135724788838354,"###",10,150,3,80,0,30,50,50,"#####",3,1,"noise",120,0.2,0.98,0.4,0.9,"altruistic","#####",3,1,"noise",120,0.2,0.98,0.4,0.9,"altruistic","#####",3,1,"noise",120,0.2,0.98,0.4,0.9,"altruistic"
"3",1902,"2017-06-11 00:17:38","ClassicQ","asym2","###",46.7440905355961,170.3,0.0153448611529,"#",40.4339791099845,196.1,0.135724788838354,"###",10,150,3,80,0,10,50,50,"#####",3,1,"noise",120,0.2,0.98,0.4,0.9,"altruistic","#####",3,1,"noise",120,0.2,0.98,0.4,0.9,"altruistic","#####",3,1,"noise",120,0.2,0.98,0.4,0.9,"altruistic"
"1",1903,"2017-06-11 00:18:31","ClassicQ","sym","###",39.439130314955,172.9,0.172145457960361,"#",38.0995188071101,184.7,0.12173270576975,"###",10,150,3,80,0,50,50,50,"#####",2,1,"noise",120,0.2,0.98,0.55,0.6,"altruistic","#####",2,1,"noise",120,0.2,0.98,0.55,0.6,"altruistic","#####",2,1,"noise",120,0.2,0.98,0.55,0.6,"altruistic"
"2",1903,"2017-06-11 00:18:31","ClassicQ","asym1","###",24.7843700747064,146.6,0.532440358123508,"#",38.0995188071101,184.7,0.12173270576975,"###",10,150,3,80,0,30,50,50,"#####",2,1,"noise",120,0.2,0.98,0.55,0.6,"altruistic","#####",2,1,"noise",120,0.2,0.98,0.55,0.6,"altruistic","#####",2,1,"noise",120,0.2,0.98,0.55,0.6,"altruistic"
"3",1903,"2017-06-11 00:18:31","ClassicQ","asym2","###",46.7440905355961,170.3,0.0153448611529,"#",38.0995188071101,184.7,0.12173270576975,"###",10,150,3,80,0,10,50,50,"#####",2,1,"noise",120,0.2,0.98,0.55,0.6,"altruistic","#####",2,1,"noise",120,0.2,0.98,0.55,0.6,"altruistic","#####",2,1,"noise",120,0.2,0.98,0.55,0.6,"altruistic"
"1",1904,"2017-06-11 00:19:53","ClassicQ","sym","###",31.9482306934898,140,0.172145457960362,"#",33.0149685468296,160.1,0.107432703889995,"###",10,150,3,80,0,50,50,50,"#####",3,1,"noise",120,0.2,0.98,0.55,0.6,"altruistic","#####",3,1,"noise",120,0.2,0.98,0.55,0.6,"altruistic","#####",3,1,"noise",120,0.2,0.98,0.55,0.6,"altruistic"
"2",1904,"2017-06-11 00:19:53","ClassicQ","asym1","###",19.7171245368081,116.7,0.532440358123508,"#",33.0149685468296,160.1,0.107432703889995,"###",10,150,3,80,0,30,50,50,"#####",3,1,"noise",120,0.2,0.98,0.55,0.6,"altruistic","#####",3,1,"noise",120,0.2,0.98,0.55,0.6,"altruistic","#####",3,1,"noise",120,0.2,0.98,0.55,0.6,"altruistic"
"3",1904,"2017-06-11 00:19:53","ClassicQ","asym2","###",43.1336295713681,157.2,0.0153448611529,"#",33.0149685468296,160.1,0.107432703889995,"###",10,150,3,80,0,10,50,50,"#####",3,1,"noise",120,0.2,0.98,0.55,0.6,"altruistic","#####",3,1,"noise",120,0.2,0.98,0.55,0.6,"altruistic","#####",3,1,"noise",120,0.2,0.98,0.55,0.6,"altruistic"
"1",1905,"2017-06-11 00:20:45","ClassicQ","sym","###",39.439130314955,172.9,0.172145457960361,"#",35.6048685809492,172.6,0.153404257059121,"###",10,150,3,80,0,50,50,50,"#####",2,1,"noise",120,0.2,0.98,0.55,0.75,"altruistic","#####",2,1,"noise",120,0.2,0.98,0.55,0.75,"altruistic","#####",2,1,"noise",120,0.2,0.98,0.55,0.75,"altruistic"
"2",1905,"2017-06-11 00:20:45","ClassicQ","asym1","###",34.1213276412276,201.9,0.532440358123508,"#",35.6048685809492,172.6,0.153404257059121,"###",10,150,3,80,0,30,50,50,"#####",2,1,"noise",120,0.2,0.98,0.55,0.75,"altruistic","#####",2,1,"noise",120,0.2,0.98,0.55,0.75,"altruistic","#####",2,1,"noise",120,0.2,0.98,0.55,0.75,"altruistic"
"3",1905,"2017-06-11 00:20:45","ClassicQ","asym2","###",32.9151940598867,119.9,0.0153448611529,"#",35.6048685809492,172.6,0.153404257059121,"###",10,150,3,80,0,10,50,50,"#####",2,1,"noise",120,0.2,0.98,0.55,0.75,"altruistic","#####",2,1,"noise",120,0.2,0.98,0.55,0.75,"altruistic","#####",2,1,"noise",120,0.2,0.98,0.55,0.75,"altruistic"
"1",1906,"2017-06-11 00:22:05","ClassicQ","sym","###",39.0550252848465,171.2,0.172145457960362,"#",40.0793795693829,194.3,0.134742307235905,"###",10,150,3,80,0,50,50,50,"#####",3,1,"noise",120,0.2,0.98,0.55,0.75,"altruistic","#####",3,1,"noise",120,0.2,0.98,0.55,0.75,"altruistic","#####",3,1,"noise",120,0.2,0.98,0.55,0.75,"altruistic"
"2",1906,"2017-06-11 00:22:05","ClassicQ","asym1","###",33.2981230702272,197,0.532440358123508,"#",40.0793795693829,194.3,0.134742307235905,"###",10,150,3,80,0,30,50,50,"#####",3,1,"noise",120,0.2,0.98,0.55,0.75,"altruistic","#####",3,1,"noise",120,0.2,0.98,0.55,0.75,"altruistic","#####",3,1,"noise",120,0.2,0.98,0.55,0.75,"altruistic"
"3",1906,"2017-06-11 00:22:05","ClassicQ","asym2","###",46.7440905355961,170.3,0.0153448611529,"#",40.0793795693829,194.3,0.134742307235905,"###",10,150,3,80,0,10,50,50,"#####",3,1,"noise",120,0.2,0.98,0.55,0.75,"altruistic","#####",3,1,"noise",120,0.2,0.98,0.55,0.75,"altruistic","#####",3,1,"noise",120,0.2,0.98,0.55,0.75,"altruistic"
"1",1907,"2017-06-11 00:22:58","ClassicQ","sym","###",39.439130314955,172.9,0.172145457960361,"#",40.4339791099845,196.1,0.135724788838354,"###",10,150,3,80,0,50,50,50,"#####",2,1,"noise",120,0.2,0.98,0.55,0.9,"altruistic","#####",2,1,"noise",120,0.2,0.98,0.55,0.9,"altruistic","#####",2,1,"noise",120,0.2,0.98,0.55,0.9,"altruistic"
"2",1907,"2017-06-11 00:22:58","ClassicQ","asym1","###",34.1213276412276,201.9,0.532440358123508,"#",40.4339791099845,196.1,0.135724788838354,"###",10,150,3,80,0,30,50,50,"#####",2,1,"noise",120,0.2,0.98,0.55,0.9,"altruistic","#####",2,1,"noise",120,0.2,0.98,0.55,0.9,"altruistic","#####",2,1,"noise",120,0.2,0.98,0.55,0.9,"altruistic"
"3",1907,"2017-06-11 00:22:58","ClassicQ","asym2","###",46.7440905355961,170.3,0.0153448611529,"#",40.4339791099845,196.1,0.135724788838354,"###",10,150,3,80,0,10,50,50,"#####",2,1,"noise",120,0.2,0.98,0.55,0.9,"altruistic","#####",2,1,"noise",120,0.2,0.98,0.55,0.9,"altruistic","#####",2,1,"noise",120,0.2,0.98,0.55,0.9,"altruistic"
"1",1908,"2017-06-11 00:24:18","ClassicQ","sym","###",39.439130314955,172.9,0.172145457960361,"#",40.290693714554,195.4,0.136261654038541,"###",10,150,3,80,0,50,50,50,"#####",3,1,"noise",120,0.2,0.98,0.55,0.9,"altruistic","#####",3,1,"noise",120,0.2,0.98,0.55,0.9,"altruistic","#####",3,1,"noise",120,0.2,0.98,0.55,0.9,"altruistic"
"2",1908,"2017-06-11 00:24:18","ClassicQ","asym1","###",34.1213276412276,201.9,0.532440358123508,"#",40.290693714554,195.4,0.136261654038541,"###",10,150,3,80,0,30,50,50,"#####",3,1,"noise",120,0.2,0.98,0.55,0.9,"altruistic","#####",3,1,"noise",120,0.2,0.98,0.55,0.9,"altruistic","#####",3,1,"noise",120,0.2,0.98,0.55,0.9,"altruistic"
"3",1908,"2017-06-11 00:24:18","ClassicQ","asym2","###",46.3714351729597,168.9,0.0153448611529,"#",40.290693714554,195.4,0.136261654038541,"###",10,150,3,80,0,10,50,50,"#####",3,1,"noise",120,0.2,0.98,0.55,0.9,"altruistic","#####",3,1,"noise",120,0.2,0.98,0.55,0.9,"altruistic","#####",3,1,"noise",120,0.2,0.98,0.55,0.9,"altruistic"
"1",1909,"2017-06-11 00:25:12","ClassicQ","sym","###",39.439130314955,172.9,0.172145457960361,"#",35.5547465185733,172.4,0.153500461484046,"###",10,150,3,80,0,50,50,50,"#####",2,1,"noise",120,0.2,0.995,0.25,0.6,"altruistic","#####",2,1,"noise",120,0.2,0.995,0.25,0.6,"altruistic","#####",2,1,"noise",120,0.2,0.995,0.25,0.6,"altruistic"
"2",1909,"2017-06-11 00:25:12","ClassicQ","asym1","###",34.1213276412276,201.9,0.532440358123508,"#",35.5547465185733,172.4,0.153500461484046,"###",10,150,3,80,0,30,50,50,"#####",2,1,"noise",120,0.2,0.995,0.25,0.6,"altruistic","#####",2,1,"noise",120,0.2,0.995,0.25,0.6,"altruistic","#####",2,1,"noise",120,0.2,0.995,0.25,0.6,"altruistic"
"3",1909,"2017-06-11 00:25:12","ClassicQ","asym2","###",32.752251830981,119.3,0.0153448611529,"#",35.5547465185733,172.4,0.153500461484046,"###",10,150,3,80,0,10,50,50,"#####",2,1,"noise",120,0.2,0.995,0.25,0.6,"altruistic","#####",2,1,"noise",120,0.2,0.995,0.25,0.6,"altruistic","#####",2,1,"noise",120,0.2,0.995,0.25,0.6,"altruistic"
"1",1910,"2017-06-11 00:26:33","ClassicQ","sym","###",39.439130314955,172.9,0.172145457960361,"#",40.290693714554,195.4,0.136261654038541,"###",10,150,3,80,0,50,50,50,"#####",3,1,"noise",120,0.2,0.995,0.25,0.6,"altruistic","#####",3,1,"noise",120,0.2,0.995,0.25,0.6,"altruistic","#####",3,1,"noise",120,0.2,0.995,0.25,0.6,"altruistic"
"2",1910,"2017-06-11 00:26:33","ClassicQ","asym1","###",34.1213276412276,201.9,0.532440358123508,"#",40.290693714554,195.4,0.136261654038541,"###",10,150,3,80,0,30,50,50,"#####",3,1,"noise",120,0.2,0.995,0.25,0.6,"altruistic","#####",3,1,"noise",120,0.2,0.995,0.25,0.6,"altruistic","#####",3,1,"noise",120,0.2,0.995,0.25,0.6,"altruistic"
"3",1910,"2017-06-11 00:26:33","ClassicQ","asym2","###",46.3714351729597,168.9,0.0153448611529,"#",40.290693714554,195.4,0.136261654038541,"###",10,150,3,80,0,10,50,50,"#####",3,1,"noise",120,0.2,0.995,0.25,0.6,"altruistic","#####",3,1,"noise",120,0.2,0.995,0.25,0.6,"altruistic","#####",3,1,"noise",120,0.2,0.995,0.25,0.6,"altruistic"
"1",1911,"2017-06-11 00:27:27","ClassicQ","sym","###",39.439130314955,172.9,0.172145457960361,"#",40.4339791099845,196.1,0.135724788838354,"###",10,150,3,80,0,50,50,50,"#####",2,1,"noise",120,0.2,0.995,0.25,0.75,"altruistic","#####",2,1,"noise",120,0.2,0.995,0.25,0.75,"altruistic","#####",2,1,"noise",120,0.2,0.995,0.25,0.75,"altruistic"
"2",1911,"2017-06-11 00:27:27","ClassicQ","asym1","###",34.1213276412276,201.9,0.532440358123508,"#",40.4339791099845,196.1,0.135724788838354,"###",10,150,3,80,0,30,50,50,"#####",2,1,"noise",120,0.2,0.995,0.25,0.75,"altruistic","#####",2,1,"noise",120,0.2,0.995,0.25,0.75,"altruistic","#####",2,1,"noise",120,0.2,0.995,0.25,0.75,"altruistic"
"3",1911,"2017-06-11 00:27:27","ClassicQ","asym2","###",46.7440905355961,170.3,0.0153448611529,"#",40.4339791099845,196.1,0.135724788838354,"###",10,150,3,80,0,10,50,50,"#####",2,1,"noise",120,0.2,0.995,0.25,0.75,"altruistic","#####",2,1,"noise",120,0.2,0.995,0.25,0.75,"altruistic","#####",2,1,"noise",120,0.2,0.995,0.25,0.75,"altruistic"
"1",1912,"2017-06-11 00:28:48","ClassicQ","sym","###",39.439130314955,172.9,0.172145457960361,"#",40.3183994391312,195.5,0.135295977916192,"###",10,150,3,80,0,50,50,50,"#####",3,1,"noise",120,0.2,0.995,0.25,0.75,"altruistic","#####",3,1,"noise",120,0.2,0.995,0.25,0.75,"altruistic","#####",3,1,"noise",120,0.2,0.995,0.25,0.75,"altruistic"
"2",1912,"2017-06-11 00:28:48","ClassicQ","asym1","###",33.7085300777118,199.4,0.532440358123508,"#",40.3183994391312,195.5,0.135295977916192,"###",10,150,3,80,0,30,50,50,"#####",3,1,"noise",120,0.2,0.995,0.25,0.75,"altruistic","#####",3,1,"noise",120,0.2,0.995,0.25,0.75,"altruistic","#####",3,1,"noise",120,0.2,0.995,0.25,0.75,"altruistic"
"3",1912,"2017-06-11 00:28:48","ClassicQ","asym2","###",46.7440905355961,170.3,0.0153448611529,"#",40.3183994391312,195.5,0.135295977916192,"###",10,150,3,80,0,10,50,50,"#####",3,1,"noise",120,0.2,0.995,0.25,0.75,"altruistic","#####",3,1,"noise",120,0.2,0.995,0.25,0.75,"altruistic","#####",3,1,"noise",120,0.2,0.995,0.25,0.75,"altruistic"
"1",1913,"2017-06-11 00:29:41","ClassicQ","sym","###",39.439130314955,172.9,0.172145457960361,"#",40.4339791099845,196.1,0.135724788838354,"###",10,150,3,80,0,50,50,50,"#####",2,1,"noise",120,0.2,0.995,0.25,0.9,"altruistic","#####",2,1,"noise",120,0.2,0.995,0.25,0.9,"altruistic","#####",2,1,"noise",120,0.2,0.995,0.25,0.9,"altruistic"
"2",1913,"2017-06-11 00:29:41","ClassicQ","asym1","###",34.1213276412276,201.9,0.532440358123508,"#",40.4339791099845,196.1,0.135724788838354,"###",10,150,3,80,0,30,50,50,"#####",2,1,"noise",120,0.2,0.995,0.25,0.9,"altruistic","#####",2,1,"noise",120,0.2,0.995,0.25,0.9,"altruistic","#####",2,1,"noise",120,0.2,0.995,0.25,0.9,"altruistic"
"3",1913,"2017-06-11 00:29:41","ClassicQ","asym2","###",46.7440905355961,170.3,0.0153448611529,"#",40.4339791099845,196.1,0.135724788838354,"###",10,150,3,80,0,10,50,50,"#####",2,1,"noise",120,0.2,0.995,0.25,0.9,"altruistic","#####",2,1,"noise",120,0.2,0.995,0.25,0.9,"altruistic","#####",2,1,"noise",120,0.2,0.995,0.25,0.9,"altruistic"
"1",1914,"2017-06-11 00:31:02","ClassicQ","sym","###",39.439130314955,172.9,0.172145457960361,"#",40.4339791099845,196.1,0.135724788838354,"###",10,150,3,80,0,50,50,50,"#####",3,1,"noise",120,0.2,0.995,0.25,0.9,"altruistic","#####",3,1,"noise",120,0.2,0.995,0.25,0.9,"altruistic","#####",3,1,"noise",120,0.2,0.995,0.25,0.9,"altruistic"
"2",1914,"2017-06-11 00:31:02","ClassicQ","asym1","###",34.1213276412276,201.9,0.532440358123508,"#",40.4339791099845,196.1,0.135724788838354,"###",10,150,3,80,0,30,50,50,"#####",3,1,"noise",120,0.2,0.995,0.25,0.9,"altruistic","#####",3,1,"noise",120,0.2,0.995,0.25,0.9,"altruistic","#####",3,1,"noise",120,0.2,0.995,0.25,0.9,"altruistic"
"3",1914,"2017-06-11 00:31:02","ClassicQ","asym2","###",46.7440905355961,170.3,0.0153448611529,"#",40.4339791099845,196.1,0.135724788838354,"###",10,150,3,80,0,10,50,50,"#####",3,1,"noise",120,0.2,0.995,0.25,0.9,"altruistic","#####",3,1,"noise",120,0.2,0.995,0.25,0.9,"altruistic","#####",3,1,"noise",120,0.2,0.995,0.25,0.9,"altruistic"
"1",1915,"2017-06-11 00:31:56","ClassicQ","sym","###",39.439130314955,172.9,0.172145457960361,"#",38.1694467691984,185.1,0.122428374184014,"###",10,150,3,80,0,50,50,50,"#####",2,1,"noise",120,0.2,0.995,0.4,0.6,"altruistic","#####",2,1,"noise",120,0.2,0.995,0.4,0.6,"altruistic","#####",2,1,"noise",120,0.2,0.995,0.4,0.6,"altruistic"
"2",1915,"2017-06-11 00:31:56","ClassicQ","asym1","###",25.1050791673717,148.5,0.532440358123508,"#",38.1694467691984,185.1,0.122428374184014,"###",10,150,3,80,0,30,50,50,"#####",2,1,"noise",120,0.2,0.995,0.4,0.6,"altruistic","#####",2,1,"noise",120,0.2,0.995,0.4,0.6,"altruistic","#####",2,1,"noise",120,0.2,0.995,0.4,0.6,"altruistic"
"3",1915,"2017-06-11 00:31:56","ClassicQ","asym2","###",46.7440905355961,170.3,0.0153448611529,"#",38.1694467691984,185.1,0.122428374184014,"###",10,150,3,80,0,10,50,50,"#####",2,1,"noise",120,0.2,0.995,0.4,0.6,"altruistic","#####",2,1,"noise",120,0.2,0.995,0.4,0.6,"altruistic","#####",2,1,"noise",120,0.2,0.995,0.4,0.6,"altruistic"
"1",1916,"2017-06-11 00:33:17","ClassicQ","sym","###",30.0040830554776,131.5,0.172145457960362,"#",36.0338729530979,174.7,0.135683533055971,"###",10,150,3,80,0,50,50,50,"#####",3,1,"noise",120,0.2,0.995,0.4,0.6,"altruistic","#####",3,1,"noise",120,0.2,0.995,0.4,0.6,"altruistic","#####",3,1,"noise",120,0.2,0.995,0.4,0.6,"altruistic"
"2",1916,"2017-06-11 00:33:17","ClassicQ","asym1","###",34.1213276412276,201.9,0.532440358123508,"#",36.0338729530979,174.7,0.135683533055971,"###",10,150,3,80,0,30,50,50,"#####",3,1,"noise",120,0.2,0.995,0.4,0.6,"altruistic","#####",3,1,"noise",120,0.2,0.995,0.4,0.6,"altruistic","#####",3,1,"noise",120,0.2,0.995,0.4,0.6,"altruistic"
"3",1916,"2017-06-11 00:33:17","ClassicQ","asym2","###",42.7879655978173,155.9,0.0153448611529,"#",36.0338729530979,174.7,0.135683533055971,"###",10,150,3,80,0,10,50,50,"#####",3,1,"noise",120,0.2,0.995,0.4,0.6,"altruistic","#####",3,1,"noise",120,0.2,0.995,0.4,0.6,"altruistic","#####",3,1,"noise",120,0.2,0.995,0.4,0.6,"altruistic"
"1",1917,"2017-06-11 00:34:10","ClassicQ","sym","###",39.439130314955,172.9,0.172145457960361,"#",38.1694467691984,185.1,0.122428374184014,"###",10,150,3,80,0,50,50,50,"#####",2,1,"noise",120,0.2,0.995,0.4,0.75,"altruistic","#####",2,1,"noise",120,0.2,0.995,0.4,0.75,"altruistic","#####",2,1,"noise",120,0.2,0.995,0.4,0.75,"altruistic"
"2",1917,"2017-06-11 00:34:10","ClassicQ","asym1","###",25.1050791673717,148.5,0.532440358123508,"#",38.1694467691984,185.1,0.122428374184014,"###",10,150,3,80,0,30,50,50,"#####",2,1,"noise",120,0.2,0.995,0.4,0.75,"altruistic","#####",2,1,"noise",120,0.2,0.995,0.4,0.75,"altruistic","#####",2,1,"noise",120,0.2,0.995,0.4,0.75,"altruistic"
"3",1917,"2017-06-11 00:34:10","ClassicQ","asym2","###",46.7440905355961,170.3,0.0153448611529,"#",38.1694467691984,185.1,0.122428374184014,"###",10,150,3,80,0,10,50,50,"#####",2,1,"noise",120,0.2,0.995,0.4,0.75,"altruistic","#####",2,1,"noise",120,0.2,0.995,0.4,0.75,"altruistic","#####",2,1,"noise",120,0.2,0.995,0.4,0.75,"altruistic"
"1",1918,"2017-06-11 00:35:32","ClassicQ","sym","###",37.9189266725734,166.2,0.172145457960361,"#",39.9462972835614,193.7,0.135193544892548,"###",10,150,3,80,0,50,50,50,"#####",3,1,"noise",120,0.2,0.995,0.4,0.75,"altruistic","#####",3,1,"noise",120,0.2,0.995,0.4,0.75,"altruistic","#####",3,1,"noise",120,0.2,0.995,0.4,0.75,"altruistic"
"2",1918,"2017-06-11 00:35:32","ClassicQ","asym1","###",34.1213276412276,201.9,0.532440358123508,"#",39.9462972835614,193.7,0.135193544892548,"###",10,150,3,80,0,30,50,50,"#####",3,1,"noise",120,0.2,0.995,0.4,0.75,"altruistic","#####",3,1,"noise",120,0.2,0.995,0.4,0.75,"altruistic","#####",3,1,"noise",120,0.2,0.995,0.4,0.75,"altruistic"
"3",1918,"2017-06-11 00:35:32","ClassicQ","asym2","###",46.7440905355961,170.3,0.0153448611529,"#",39.9462972835614,193.7,0.135193544892548,"###",10,150,3,80,0,10,50,50,"#####",3,1,"noise",120,0.2,0.995,0.4,0.75,"altruistic","#####",3,1,"noise",120,0.2,0.995,0.4,0.75,"altruistic","#####",3,1,"noise",120,0.2,0.995,0.4,0.75,"altruistic"
"1",1919,"2017-06-11 00:36:25","ClassicQ","sym","###",39.439130314955,172.9,0.172145457960361,"#",37.4607349990182,181.6,0.147171059261327,"###",10,150,3,80,0,50,50,50,"#####",2,1,"noise",120,0.2,0.995,0.4,0.9,"altruistic","#####",2,1,"noise",120,0.2,0.995,0.4,0.9,"altruistic","#####",2,1,"noise",120,0.2,0.995,0.4,0.9,"altruistic"
"2",1919,"2017-06-11 00:36:25","ClassicQ","asym1","###",34.1213276412276,201.9,0.532440358123508,"#",37.4607349990182,181.6,0.147171059261327,"###",10,150,3,80,0,30,50,50,"#####",2,1,"noise",120,0.2,0.995,0.4,0.9,"altruistic","#####",2,1,"noise",120,0.2,0.995,0.4,0.9,"altruistic","#####",2,1,"noise",120,0.2,0.995,0.4,0.9,"altruistic"
"3",1919,"2017-06-11 00:36:25","ClassicQ","asym2","###",38.6032382061402,140.6,0.0153448611529,"#",37.4607349990182,181.6,0.147171059261327,"###",10,150,3,80,0,10,50,50,"#####",2,1,"noise",120,0.2,0.995,0.4,0.9,"altruistic","#####",2,1,"noise",120,0.2,0.995,0.4,0.9,"altruistic","#####",2,1,"noise",120,0.2,0.995,0.4,0.9,"altruistic"
"1",1920,"2017-06-11 00:37:46","ClassicQ","sym","###",39.439130314955,172.9,0.172145457960361,"#",38.1694467691984,185.1,0.122428374184014,"###",10,150,3,80,0,50,50,50,"#####",3,1,"noise",120,0.2,0.995,0.4,0.9,"altruistic","#####",3,1,"noise",120,0.2,0.995,0.4,0.9,"altruistic","#####",3,1,"noise",120,0.2,0.995,0.4,0.9,"altruistic"
"2",1920,"2017-06-11 00:37:46","ClassicQ","asym1","###",25.1050791673717,148.5,0.532440358123508,"#",38.1694467691984,185.1,0.122428374184014,"###",10,150,3,80,0,30,50,50,"#####",3,1,"noise",120,0.2,0.995,0.4,0.9,"altruistic","#####",3,1,"noise",120,0.2,0.995,0.4,0.9,"altruistic","#####",3,1,"noise",120,0.2,0.995,0.4,0.9,"altruistic"
"3",1920,"2017-06-11 00:37:46","ClassicQ","asym2","###",46.7440905355961,170.3,0.0153448611529,"#",38.1694467691984,185.1,0.122428374184014,"###",10,150,3,80,0,10,50,50,"#####",3,1,"noise",120,0.2,0.995,0.4,0.9,"altruistic","#####",3,1,"noise",120,0.2,0.995,0.4,0.9,"altruistic","#####",3,1,"noise",120,0.2,0.995,0.4,0.9,"altruistic"
"1",1921,"2017-06-11 00:38:40","ClassicQ","sym","###",39.439130314955,172.9,0.172145457960361,"#",40.4339791099845,196.1,0.135724788838354,"###",10,150,3,80,0,50,50,50,"#####",2,1,"noise",120,0.2,0.995,0.55,0.6,"altruistic","#####",2,1,"noise",120,0.2,0.995,0.55,0.6,"altruistic","#####",2,1,"noise",120,0.2,0.995,0.55,0.6,"altruistic"
"2",1921,"2017-06-11 00:38:40","ClassicQ","asym1","###",34.1213276412276,201.9,0.532440358123508,"#",40.4339791099845,196.1,0.135724788838354,"###",10,150,3,80,0,30,50,50,"#####",2,1,"noise",120,0.2,0.995,0.55,0.6,"altruistic","#####",2,1,"noise",120,0.2,0.995,0.55,0.6,"altruistic","#####",2,1,"noise",120,0.2,0.995,0.55,0.6,"altruistic"
"3",1921,"2017-06-11 00:38:40","ClassicQ","asym2","###",46.7440905355961,170.3,0.0153448611529,"#",40.4339791099845,196.1,0.135724788838354,"###",10,150,3,80,0,10,50,50,"#####",2,1,"noise",120,0.2,0.995,0.55,0.6,"altruistic","#####",2,1,"noise",120,0.2,0.995,0.55,0.6,"altruistic","#####",2,1,"noise",120,0.2,0.995,0.55,0.6,"altruistic"
"1",1922,"2017-06-11 00:40:01","ClassicQ","sym","###",39.439130314955,172.9,0.172145457960361,"#",40.1489725895944,194.7,0.136794934068138,"###",10,150,3,80,0,50,50,50,"#####",3,1,"noise",120,0.2,0.995,0.55,0.6,"altruistic","#####",3,1,"noise",120,0.2,0.995,0.55,0.6,"altruistic","#####",3,1,"noise",120,0.2,0.995,0.55,0.6,"altruistic"
"2",1922,"2017-06-11 00:40:01","ClassicQ","asym1","###",34.1213276412276,201.9,0.532440358123508,"#",40.1489725895944,194.7,0.136794934068138,"###",10,150,3,80,0,30,50,50,"#####",3,1,"noise",120,0.2,0.995,0.55,0.6,"altruistic","#####",3,1,"noise",120,0.2,0.995,0.55,0.6,"altruistic","#####",3,1,"noise",120,0.2,0.995,0.55,0.6,"altruistic"
"3",1922,"2017-06-11 00:40:01","ClassicQ","asym2","###",46.0011956366354,167.6,0.0153448611529,"#",40.1489725895944,194.7,0.136794934068138,"###",10,150,3,80,0,10,50,50,"#####",3,1,"noise",120,0.2,0.995,0.55,0.6,"altruistic","#####",3,1,"noise",120,0.2,0.995,0.55,0.6,"altruistic","#####",3,1,"noise",120,0.2,0.995,0.55,0.6,"altruistic"
"1",1923,"2017-06-11 00:40:56","ClassicQ","sym","###",39.439130314955,172.9,0.172145457960361,"#",40.4339791099845,196.1,0.135724788838354,"###",10,150,3,80,0,50,50,50,"#####",2,1,"noise",120,0.2,0.995,0.55,0.75,"altruistic","#####",2,1,"noise",120,0.2,0.995,0.55,0.75,"altruistic","#####",2,1,"noise",120,0.2,0.995,0.55,0.75,"altruistic"
"2",1923,"2017-06-11 00:40:56","ClassicQ","asym1","###",34.1213276412276,201.9,0.532440358123508,"#",40.4339791099845,196.1,0.135724788838354,"###",10,150,3,80,0,30,50,50,"#####",2,1,"noise",120,0.2,0.995,0.55,0.75,"altruistic","#####",2,1,"noise",120,0.2,0.995,0.55,0.75,"altruistic","#####",2,1,"noise",120,0.2,0.995,0.55,0.75,"altruistic"
"3",1923,"2017-06-11 00:40:56","ClassicQ","asym2","###",46.7440905355961,170.3,0.0153448611529,"#",40.4339791099845,196.1,0.135724788838354,"###",10,150,3,80,0,10,50,50,"#####",2,1,"noise",120,0.2,0.995,0.55,0.75,"altruistic","#####",2,1,"noise",120,0.2,0.995,0.55,0.75,"altruistic","#####",2,1,"noise",120,0.2,0.995,0.55,0.75,"altruistic"
"1",1924,"2017-06-11 00:42:18","ClassicQ","sym","###",29.7337350496032,130.3,0.172145457960361,"#",37.4404861079554,181.5,0.127783584231417,"###",10,150,3,80,0,50,50,50,"#####",3,1,"noise",120,0.2,0.995,0.55,0.75,"altruistic","#####",3,1,"noise",120,0.2,0.995,0.55,0.75,"altruistic","#####",3,1,"noise",120,0.2,0.995,0.55,0.75,"altruistic"
"2",1924,"2017-06-11 00:42:18","ClassicQ","asym1","###",33.7085300777118,199.4,0.532440358123508,"#",37.4404861079554,181.5,0.127783584231417,"###",10,150,3,80,0,30,50,50,"#####",3,1,"noise",120,0.2,0.995,0.55,0.75,"altruistic","#####",3,1,"noise",120,0.2,0.995,0.55,0.75,"altruistic","#####",3,1,"noise",120,0.2,0.995,0.55,0.75,"altruistic"
"3",1924,"2017-06-11 00:42:18","ClassicQ","asym2","###",46.7440905355961,170.3,0.0153448611529,"#",37.4404861079554,181.5,0.127783584231417,"###",10,150,3,80,0,10,50,50,"#####",3,1,"noise",120,0.2,0.995,0.55,0.75,"altruistic","#####",3,1,"noise",120,0.2,0.995,0.55,0.75,"altruistic","#####",3,1,"noise",120,0.2,0.995,0.55,0.75,"altruistic"
"1",1925,"2017-06-11 00:43:10","ClassicQ","sym","###",39.439130314955,172.9,0.172145457960361,"#",40.4339791099845,196.1,0.135724788838354,"###",10,150,3,80,0,50,50,50,"#####",2,1,"noise",120,0.2,0.995,0.55,0.9,"altruistic","#####",2,1,"noise",120,0.2,0.995,0.55,0.9,"altruistic","#####",2,1,"noise",120,0.2,0.995,0.55,0.9,"altruistic"
"2",1925,"2017-06-11 00:43:10","ClassicQ","asym1","###",34.1213276412276,201.9,0.532440358123508,"#",40.4339791099845,196.1,0.135724788838354,"###",10,150,3,80,0,30,50,50,"#####",2,1,"noise",120,0.2,0.995,0.55,0.9,"altruistic","#####",2,1,"noise",120,0.2,0.995,0.55,0.9,"altruistic","#####",2,1,"noise",120,0.2,0.995,0.55,0.9,"altruistic"
"3",1925,"2017-06-11 00:43:10","ClassicQ","asym2","###",46.7440905355961,170.3,0.0153448611529,"#",40.4339791099845,196.1,0.135724788838354,"###",10,150,3,80,0,10,50,50,"#####",2,1,"noise",120,0.2,0.995,0.55,0.9,"altruistic","#####",2,1,"noise",120,0.2,0.995,0.55,0.9,"altruistic","#####",2,1,"noise",120,0.2,0.995,0.55,0.9,"altruistic"
"1",1926,"2017-06-11 00:44:31","ClassicQ","sym","###",37.9189266725734,166.2,0.172145457960361,"#",39.6838338201675,192.4,0.135335706596735,"###",10,150,3,80,0,50,50,50,"#####",3,1,"noise",120,0.2,0.995,0.55,0.9,"altruistic","#####",3,1,"noise",120,0.2,0.995,0.55,0.9,"altruistic","#####",3,1,"noise",120,0.2,0.995,0.55,0.9,"altruistic"
"2",1926,"2017-06-11 00:44:31","ClassicQ","asym1","###",33.7085300777118,199.4,0.532440358123508,"#",39.6838338201675,192.4,0.135335706596735,"###",10,150,3,80,0,30,50,50,"#####",3,1,"noise",120,0.2,0.995,0.55,0.9,"altruistic","#####",3,1,"noise",120,0.2,0.995,0.55,0.9,"altruistic","#####",3,1,"noise",120,0.2,0.995,0.55,0.9,"altruistic"
"3",1926,"2017-06-11 00:44:31","ClassicQ","asym2","###",46.3714351729597,168.9,0.0153448611529,"#",39.6838338201675,192.4,0.135335706596735,"###",10,150,3,80,0,10,50,50,"#####",3,1,"noise",120,0.2,0.995,0.55,0.9,"altruistic","#####",3,1,"noise",120,0.2,0.995,0.55,0.9,"altruistic","#####",3,1,"noise",120,0.2,0.995,0.55,0.9,"altruistic"
"1",1927,"2017-06-11 00:45:26","ClassicQ","sym","###",39.439130314955,172.9,0.172145457960361,"#",40.4339791099845,196.1,0.135724788838354,"###",10,150,3,80,0,50,50,50,"#####",2,1,"noise",120,0.2,1,0.25,0.6,"altruistic","#####",2,1,"noise",120,0.2,1,0.25,0.6,"altruistic","#####",2,1,"noise",120,0.2,1,0.25,0.6,"altruistic"
"2",1927,"2017-06-11 00:45:26","ClassicQ","asym1","###",34.1213276412276,201.9,0.532440358123508,"#",40.4339791099845,196.1,0.135724788838354,"###",10,150,3,80,0,30,50,50,"#####",2,1,"noise",120,0.2,1,0.25,0.6,"altruistic","#####",2,1,"noise",120,0.2,1,0.25,0.6,"altruistic","#####",2,1,"noise",120,0.2,1,0.25,0.6,"altruistic"
"3",1927,"2017-06-11 00:45:26","ClassicQ","asym2","###",46.7440905355961,170.3,0.0153448611529,"#",40.4339791099845,196.1,0.135724788838354,"###",10,150,3,80,0,10,50,50,"#####",2,1,"noise",120,0.2,1,0.25,0.6,"altruistic","#####",2,1,"noise",120,0.2,1,0.25,0.6,"altruistic","#####",2,1,"noise",120,0.2,1,0.25,0.6,"altruistic"
"1",1928,"2017-06-11 00:46:52","ClassicQ","sym","###",37.9189266725734,166.2,0.172145457960361,"#",39.9462972835614,193.7,0.135193544892548,"###",10,150,3,80,0,50,50,50,"#####",3,1,"noise",120,0.2,1,0.25,0.6,"altruistic","#####",3,1,"noise",120,0.2,1,0.25,0.6,"altruistic","#####",3,1,"noise",120,0.2,1,0.25,0.6,"altruistic"
"2",1928,"2017-06-11 00:46:52","ClassicQ","asym1","###",34.1213276412276,201.9,0.532440358123508,"#",39.9462972835614,193.7,0.135193544892548,"###",10,150,3,80,0,30,50,50,"#####",3,1,"noise",120,0.2,1,0.25,0.6,"altruistic","#####",3,1,"noise",120,0.2,1,0.25,0.6,"altruistic","#####",3,1,"noise",120,0.2,1,0.25,0.6,"altruistic"
"3",1928,"2017-06-11 00:46:52","ClassicQ","asym2","###",46.7440905355961,170.3,0.0153448611529,"#",39.9462972835614,193.7,0.135193544892548,"###",10,150,3,80,0,10,50,50,"#####",3,1,"noise",120,0.2,1,0.25,0.6,"altruistic","#####",3,1,"noise",120,0.2,1,0.25,0.6,"altruistic","#####",3,1,"noise",120,0.2,1,0.25,0.6,"altruistic"
"1",1929,"2017-06-11 00:47:47","ClassicQ","sym","###",39.439130314955,172.9,0.172145457960361,"#",40.4339791099845,196.1,0.135724788838354,"###",10,150,3,80,0,50,50,50,"#####",2,1,"noise",120,0.2,1,0.25,0.75,"altruistic","#####",2,1,"noise",120,0.2,1,0.25,0.75,"altruistic","#####",2,1,"noise",120,0.2,1,0.25,0.75,"altruistic"
"2",1929,"2017-06-11 00:47:47","ClassicQ","asym1","###",34.1213276412276,201.9,0.532440358123508,"#",40.4339791099845,196.1,0.135724788838354,"###",10,150,3,80,0,30,50,50,"#####",2,1,"noise",120,0.2,1,0.25,0.75,"altruistic","#####",2,1,"noise",120,0.2,1,0.25,0.75,"altruistic","#####",2,1,"noise",120,0.2,1,0.25,0.75,"altruistic"
"3",1929,"2017-06-11 00:47:47","ClassicQ","asym2","###",46.7440905355961,170.3,0.0153448611529,"#",40.4339791099845,196.1,0.135724788838354,"###",10,150,3,80,0,10,50,50,"#####",2,1,"noise",120,0.2,1,0.25,0.75,"altruistic","#####",2,1,"noise",120,0.2,1,0.25,0.75,"altruistic","#####",2,1,"noise",120,0.2,1,0.25,0.75,"altruistic"
"1",1930,"2017-06-11 00:49:08","ClassicQ","sym","###",39.0550252848465,171.2,0.172145457960362,"#",37.1940009101428,180.3,0.110440505294007,"###",10,150,3,80,0,50,50,50,"#####",3,1,"noise",120,0.2,1,0.25,0.75,"altruistic","#####",3,1,"noise",120,0.2,1,0.25,0.75,"altruistic","#####",3,1,"noise",120,0.2,1,0.25,0.75,"altruistic"
"2",1930,"2017-06-11 00:49:08","ClassicQ","asym1","###",20.9732236699824,124.1,0.532440358123508,"#",37.1940009101428,180.3,0.110440505294007,"###",10,150,3,80,0,30,50,50,"#####",3,1,"noise",120,0.2,1,0.25,0.75,"altruistic","#####",3,1,"noise",120,0.2,1,0.25,0.75,"altruistic","#####",3,1,"noise",120,0.2,1,0.25,0.75,"altruistic"
"3",1930,"2017-06-11 00:49:08","ClassicQ","asym2","###",46.7440905355961,170.3,0.0153448611529,"#",37.1940009101428,180.3,0.110440505294007,"###",10,150,3,80,0,10,50,50,"#####",3,1,"noise",120,0.2,1,0.25,0.75,"altruistic","#####",3,1,"noise",120,0.2,1,0.25,0.75,"altruistic","#####",3,1,"noise",120,0.2,1,0.25,0.75,"altruistic"
"1",1931,"2017-06-11 00:50:02","ClassicQ","sym","###",39.439130314955,172.9,0.172145457960361,"#",40.4339791099845,196.1,0.135724788838354,"###",10,150,3,80,0,50,50,50,"#####",2,1,"noise",120,0.2,1,0.25,0.9,"altruistic","#####",2,1,"noise",120,0.2,1,0.25,0.9,"altruistic","#####",2,1,"noise",120,0.2,1,0.25,0.9,"altruistic"
"2",1931,"2017-06-11 00:50:02","ClassicQ","asym1","###",34.1213276412276,201.9,0.532440358123508,"#",40.4339791099845,196.1,0.135724788838354,"###",10,150,3,80,0,30,50,50,"#####",2,1,"noise",120,0.2,1,0.25,0.9,"altruistic","#####",2,1,"noise",120,0.2,1,0.25,0.9,"altruistic","#####",2,1,"noise",120,0.2,1,0.25,0.9,"altruistic"
"3",1931,"2017-06-11 00:50:02","ClassicQ","asym2","###",46.7440905355961,170.3,0.0153448611529,"#",40.4339791099845,196.1,0.135724788838354,"###",10,150,3,80,0,10,50,50,"#####",2,1,"noise",120,0.2,1,0.25,0.9,"altruistic","#####",2,1,"noise",120,0.2,1,0.25,0.9,"altruistic","#####",2,1,"noise",120,0.2,1,0.25,0.9,"altruistic"
"1",1932,"2017-06-11 00:51:25","ClassicQ","sym","###",39.439130314955,172.9,0.172145457960361,"#",39.5512232334129,191.8,0.136187730427646,"###",10,150,3,80,0,50,50,50,"#####",3,1,"noise",120,0.2,1,0.25,0.9,"altruistic","#####",3,1,"noise",120,0.2,1,0.25,0.9,"altruistic","#####",3,1,"noise",120,0.2,1,0.25,0.9,"altruistic"
"2",1932,"2017-06-11 00:51:25","ClassicQ","asym1","###",34.1213276412276,201.9,0.532440358123508,"#",39.5512232334129,191.8,0.136187730427646,"###",10,150,3,80,0,30,50,50,"#####",3,1,"noise",120,0.2,1,0.25,0.9,"altruistic","#####",3,1,"noise",120,0.2,1,0.25,0.9,"altruistic","#####",3,1,"noise",120,0.2,1,0.25,0.9,"altruistic"
"3",1932,"2017-06-11 00:51:25","ClassicQ","asym2","###",44.4205783143103,161.8,0.012648177682646,"#",39.5512232334129,191.8,0.136187730427646,"###",10,150,3,80,0,10,50,50,"#####",3,1,"noise",120,0.2,1,0.25,0.9,"altruistic","#####",3,1,"noise",120,0.2,1,0.25,0.9,"altruistic","#####",3,1,"noise",120,0.2,1,0.25,0.9,"altruistic"
"1",1933,"2017-06-11 00:52:20","ClassicQ","sym","###",39.439130314955,172.9,0.172145457960361,"#",40.4339791099845,196.1,0.135724788838354,"###",10,150,3,80,0,50,50,50,"#####",2,1,"noise",120,0.2,1,0.4,0.6,"altruistic","#####",2,1,"noise",120,0.2,1,0.4,0.6,"altruistic","#####",2,1,"noise",120,0.2,1,0.4,0.6,"altruistic"
"2",1933,"2017-06-11 00:52:20","ClassicQ","asym1","###",34.1213276412276,201.9,0.532440358123508,"#",40.4339791099845,196.1,0.135724788838354,"###",10,150,3,80,0,30,50,50,"#####",2,1,"noise",120,0.2,1,0.4,0.6,"altruistic","#####",2,1,"noise",120,0.2,1,0.4,0.6,"altruistic","#####",2,1,"noise",120,0.2,1,0.4,0.6,"altruistic"
"3",1933,"2017-06-11 00:52:20","ClassicQ","asym2","###",46.7440905355961,170.3,0.0153448611529,"#",40.4339791099845,196.1,0.135724788838354,"###",10,150,3,80,0,10,50,50,"#####",2,1,"noise",120,0.2,1,0.4,0.6,"altruistic","#####",2,1,"noise",120,0.2,1,0.4,0.6,"altruistic","#####",2,1,"noise",120,0.2,1,0.4,0.6,"altruistic"
"1",1934,"2017-06-11 00:53:47","ClassicQ","sym","###",39.439130314955,172.9,0.172145457960361,"#",37.3765523646399,181.2,0.146039605215541,"###",10,150,3,80,0,50,50,50,"#####",3,1,"noise",120,0.2,1,0.4,0.6,"altruistic","#####",3,1,"noise",120,0.2,1,0.4,0.6,"altruistic","#####",3,1,"noise",120,0.2,1,0.4,0.6,"altruistic"
"2",1934,"2017-06-11 00:53:47","ClassicQ","asym1","###",32.0821601517105,189.8,0.532440358123508,"#",37.3765523646399,181.2,0.146039605215541,"###",10,150,3,80,0,30,50,50,"#####",3,1,"noise",120,0.2,1,0.4,0.6,"altruistic","#####",3,1,"noise",120,0.2,1,0.4,0.6,"altruistic","#####",3,1,"noise",120,0.2,1,0.4,0.6,"altruistic"
"3",1934,"2017-06-11 00:53:47","ClassicQ","asym2","###",40.0787973871472,146,0.0183023538395452,"#",37.3765523646399,181.2,0.146039605215541,"###",10,150,3,80,0,10,50,50,"#####",3,1,"noise",120,0.2,1,0.4,0.6,"altruistic","#####",3,1,"noise",120,0.2,1,0.4,0.6,"altruistic","#####",3,1,"noise",120,0.2,1,0.4,0.6,"altruistic"
"1",1935,"2017-06-11 00:54:46","ClassicQ","sym","###",39.439130314955,172.9,0.172145457960361,"#",40.4339791099845,196.1,0.135724788838354,"###",10,150,3,80,0,50,50,50,"#####",2,1,"noise",120,0.2,1,0.4,0.75,"altruistic","#####",2,1,"noise",120,0.2,1,0.4,0.75,"altruistic","#####",2,1,"noise",120,0.2,1,0.4,0.75,"altruistic"
"2",1935,"2017-06-11 00:54:46","ClassicQ","asym1","###",34.1213276412276,201.9,0.532440358123508,"#",40.4339791099845,196.1,0.135724788838354,"###",10,150,3,80,0,30,50,50,"#####",2,1,"noise",120,0.2,1,0.4,0.75,"altruistic","#####",2,1,"noise",120,0.2,1,0.4,0.75,"altruistic","#####",2,1,"noise",120,0.2,1,0.4,0.75,"altruistic"
"3",1935,"2017-06-11 00:54:46","ClassicQ","asym2","###",46.7440905355961,170.3,0.0153448611529,"#",40.4339791099845,196.1,0.135724788838354,"###",10,150,3,80,0,10,50,50,"#####",2,1,"noise",120,0.2,1,0.4,0.75,"altruistic","#####",2,1,"noise",120,0.2,1,0.4,0.75,"altruistic","#####",2,1,"noise",120,0.2,1,0.4,0.75,"altruistic"
"1",1936,"2017-06-11 00:56:08","ClassicQ","sym","###",39.0550252848465,171.2,0.172145457960362,"#",39.7440561593806,192.7,0.137751867953395,"###",10,150,3,80,0,50,50,50,"#####",3,1,"noise",120,0.2,1,0.4,0.75,"altruistic","#####",3,1,"noise",120,0.2,1,0.4,0.75,"altruistic","#####",3,1,"noise",120,0.2,1,0.4,0.75,"altruistic"
"2",1936,"2017-06-11 00:56:08","ClassicQ","asym1","###",34.1213276412276,201.9,0.532440358123508,"#",39.7440561593806,192.7,0.137751867953395,"###",10,150,3,80,0,30,50,50,"#####",3,1,"noise",120,0.2,1,0.4,0.75,"altruistic","#####",3,1,"noise",120,0.2,1,0.4,0.75,"altruistic","#####",3,1,"noise",120,0.2,1,0.4,0.75,"altruistic"
"3",1936,"2017-06-11 00:56:08","ClassicQ","asym2","###",45.2682007594735,164.9,0.0153448611528999,"#",39.7440561593806,192.7,0.137751867953395,"###",10,150,3,80,0,10,50,50,"#####",3,1,"noise",120,0.2,1,0.4,0.75,"altruistic","#####",3,1,"noise",120,0.2,1,0.4,0.75,"altruistic","#####",3,1,"noise",120,0.2,1,0.4,0.75,"altruistic"
"1",1937,"2017-06-11 00:57:01","ClassicQ","sym","###",39.439130314955,172.9,0.172145457960361,"#",40.4339791099845,196.1,0.135724788838354,"###",10,150,3,80,0,50,50,50,"#####",2,1,"noise",120,0.2,1,0.4,0.9,"altruistic","#####",2,1,"noise",120,0.2,1,0.4,0.9,"altruistic","#####",2,1,"noise",120,0.2,1,0.4,0.9,"altruistic"
"2",1937,"2017-06-11 00:57:01","ClassicQ","asym1","###",34.1213276412276,201.9,0.532440358123508,"#",40.4339791099845,196.1,0.135724788838354,"###",10,150,3,80,0,30,50,50,"#####",2,1,"noise",120,0.2,1,0.4,0.9,"altruistic","#####",2,1,"noise",120,0.2,1,0.4,0.9,"altruistic","#####",2,1,"noise",120,0.2,1,0.4,0.9,"altruistic"
"3",1937,"2017-06-11 00:57:01","ClassicQ","asym2","###",46.7440905355961,170.3,0.0153448611529,"#",40.4339791099845,196.1,0.135724788838354,"###",10,150,3,80,0,10,50,50,"#####",2,1,"noise",120,0.2,1,0.4,0.9,"altruistic","#####",2,1,"noise",120,0.2,1,0.4,0.9,"altruistic","#####",2,1,"noise",120,0.2,1,0.4,0.9,"altruistic"
"1",1938,"2017-06-11 00:58:22","ClassicQ","sym","###",33.6607338006764,147.5,0.172145457960362,"#",38.6536759787044,187.4,0.132666892224331,"###",10,150,3,80,0,50,50,50,"#####",3,1,"noise",120,0.2,1,0.4,0.9,"altruistic","#####",3,1,"noise",120,0.2,1,0.4,0.9,"altruistic","#####",3,1,"noise",120,0.2,1,0.4,0.9,"altruistic"
"2",1938,"2017-06-11 00:58:22","ClassicQ","asym1","###",34.1213276412276,201.9,0.532440358123508,"#",38.6536759787044,187.4,0.132666892224331,"###",10,150,3,80,0,30,50,50,"#####",3,1,"noise",120,0.2,1,0.4,0.9,"altruistic","#####",3,1,"noise",120,0.2,1,0.4,0.9,"altruistic","#####",3,1,"noise",120,0.2,1,0.4,0.9,"altruistic"
"3",1938,"2017-06-11 00:58:22","ClassicQ","asym2","###",46.7440905355961,170.3,0.0153448611529,"#",38.6536759787044,187.4,0.132666892224331,"###",10,150,3,80,0,10,50,50,"#####",3,1,"noise",120,0.2,1,0.4,0.9,"altruistic","#####",3,1,"noise",120,0.2,1,0.4,0.9,"altruistic","#####",3,1,"noise",120,0.2,1,0.4,0.9,"altruistic"
"1",1939,"2017-06-11 00:59:16","ClassicQ","sym","###",39.439130314955,172.9,0.172145457960361,"#",40.4339791099845,196.1,0.135724788838354,"###",10,150,3,80,0,50,50,50,"#####",2,1,"noise",120,0.2,1,0.55,0.6,"altruistic","#####",2,1,"noise",120,0.2,1,0.55,0.6,"altruistic","#####",2,1,"noise",120,0.2,1,0.55,0.6,"altruistic"
"2",1939,"2017-06-11 00:59:16","ClassicQ","asym1","###",34.1213276412276,201.9,0.532440358123508,"#",40.4339791099845,196.1,0.135724788838354,"###",10,150,3,80,0,30,50,50,"#####",2,1,"noise",120,0.2,1,0.55,0.6,"altruistic","#####",2,1,"noise",120,0.2,1,0.55,0.6,"altruistic","#####",2,1,"noise",120,0.2,1,0.55,0.6,"altruistic"
"3",1939,"2017-06-11 00:59:16","ClassicQ","asym2","###",46.7440905355961,170.3,0.0153448611529,"#",40.4339791099845,196.1,0.135724788838354,"###",10,150,3,80,0,10,50,50,"#####",2,1,"noise",120,0.2,1,0.55,0.6,"altruistic","#####",2,1,"noise",120,0.2,1,0.55,0.6,"altruistic","#####",2,1,"noise",120,0.2,1,0.55,0.6,"altruistic"
"1",1940,"2017-06-11 01:00:38","ClassicQ","sym","###",39.439130314955,172.9,0.172145457960361,"#",40.2045602720222,194.9,0.134856861583447,"###",10,150,3,80,0,50,50,50,"#####",3,1,"noise",120,0.2,1,0.55,0.6,"altruistic","#####",3,1,"noise",120,0.2,1,0.55,0.6,"altruistic","#####",3,1,"noise",120,0.2,1,0.55,0.6,"altruistic"
"2",1940,"2017-06-11 01:00:38","ClassicQ","asym1","###",33.2981230702272,197,0.532440358123508,"#",40.2045602720222,194.9,0.134856861583447,"###",10,150,3,80,0,30,50,50,"#####",3,1,"noise",120,0.2,1,0.55,0.6,"altruistic","#####",3,1,"noise",120,0.2,1,0.55,0.6,"altruistic","#####",3,1,"noise",120,0.2,1,0.55,0.6,"altruistic"
"3",1940,"2017-06-11 01:00:38","ClassicQ","asym2","###",46.7440905355961,170.3,0.0153448611529,"#",40.2045602720222,194.9,0.134856861583447,"###",10,150,3,80,0,10,50,50,"#####",3,1,"noise",120,0.2,1,0.55,0.6,"altruistic","#####",3,1,"noise",120,0.2,1,0.55,0.6,"altruistic","#####",3,1,"noise",120,0.2,1,0.55,0.6,"altruistic"
"1",1941,"2017-06-11 01:01:31","ClassicQ","sym","###",31.7434245159529,139.1,0.172145457960362,"#",38.1091415104915,184.8,0.130825838116785,"###",10,150,3,80,0,50,50,50,"#####",2,1,"noise",120,0.2,1,0.55,0.75,"altruistic","#####",2,1,"noise",120,0.2,1,0.55,0.75,"altruistic","#####",2,1,"noise",120,0.2,1,0.55,0.75,"altruistic"
"2",1941,"2017-06-11 01:01:31","ClassicQ","asym1","###",34.1213276412276,201.9,0.532440358123508,"#",38.1091415104915,184.8,0.130825838116785,"###",10,150,3,80,0,30,50,50,"#####",2,1,"noise",120,0.2,1,0.55,0.75,"altruistic","#####",2,1,"noise",120,0.2,1,0.55,0.75,"altruistic","#####",2,1,"noise",120,0.2,1,0.55,0.75,"altruistic"
"3",1941,"2017-06-11 01:01:31","ClassicQ","asym2","###",46.7440905355961,170.3,0.0153448611529,"#",38.1091415104915,184.8,0.130825838116785,"###",10,150,3,80,0,10,50,50,"#####",2,1,"noise",120,0.2,1,0.55,0.75,"altruistic","#####",2,1,"noise",120,0.2,1,0.55,0.75,"altruistic","#####",2,1,"noise",120,0.2,1,0.55,0.75,"altruistic"
"1",1942,"2017-06-11 01:02:51","ClassicQ","sym","###",39.439130314955,172.9,0.172145457960361,"#",39.0405676947189,189.3,0.129132249609687,"###",10,150,3,80,0,50,50,50,"#####",3,1,"noise",120,0.2,1,0.55,0.75,"altruistic","#####",3,1,"noise",120,0.2,1,0.55,0.75,"altruistic","#####",3,1,"noise",120,0.2,1,0.55,0.75,"altruistic"
"2",1942,"2017-06-11 01:02:51","ClassicQ","asym1","###",28.8451517204846,170.7,0.532440358123508,"#",39.0405676947189,189.3,0.129132249609687,"###",10,150,3,80,0,30,50,50,"#####",3,1,"noise",120,0.2,1,0.55,0.75,"altruistic","#####",3,1,"noise",120,0.2,1,0.55,0.75,"altruistic","#####",3,1,"noise",120,0.2,1,0.55,0.75,"altruistic"
"3",1942,"2017-06-11 01:02:51","ClassicQ","asym2","###",46.7440905355961,170.3,0.0153448611529,"#",39.0405676947189,189.3,0.129132249609687,"###",10,150,3,80,0,10,50,50,"#####",3,1,"noise",120,0.2,1,0.55,0.75,"altruistic","#####",3,1,"noise",120,0.2,1,0.55,0.75,"altruistic","#####",3,1,"noise",120,0.2,1,0.55,0.75,"altruistic"
"1",1943,"2017-06-11 01:03:45","ClassicQ","sym","###",39.439130314955,172.9,0.172145457960361,"#",40.4339791099845,196.1,0.135724788838354,"###",10,150,3,80,0,50,50,50,"#####",2,1,"noise",120,0.2,1,0.55,0.9,"altruistic","#####",2,1,"noise",120,0.2,1,0.55,0.9,"altruistic","#####",2,1,"noise",120,0.2,1,0.55,0.9,"altruistic"
"2",1943,"2017-06-11 01:03:45","ClassicQ","asym1","###",34.1213276412276,201.9,0.532440358123508,"#",40.4339791099845,196.1,0.135724788838354,"###",10,150,3,80,0,30,50,50,"#####",2,1,"noise",120,0.2,1,0.55,0.9,"altruistic","#####",2,1,"noise",120,0.2,1,0.55,0.9,"altruistic","#####",2,1,"noise",120,0.2,1,0.55,0.9,"altruistic"
"3",1943,"2017-06-11 01:03:45","ClassicQ","asym2","###",46.7440905355961,170.3,0.0153448611529,"#",40.4339791099845,196.1,0.135724788838354,"###",10,150,3,80,0,10,50,50,"#####",2,1,"noise",120,0.2,1,0.55,0.9,"altruistic","#####",2,1,"noise",120,0.2,1,0.55,0.9,"altruistic","#####",2,1,"noise",120,0.2,1,0.55,0.9,"altruistic"
"1",1944,"2017-06-11 01:05:19","ClassicQ","sym","###",39.439130314955,172.9,0.172145457960361,"#",40.4339791099845,196.1,0.135724788838354,"###",10,150,3,80,0,50,50,50,"#####",3,1,"noise",120,0.2,1,0.55,0.9,"altruistic","#####",3,1,"noise",120,0.2,1,0.55,0.9,"altruistic","#####",3,1,"noise",120,0.2,1,0.55,0.9,"altruistic"
"2",1944,"2017-06-11 01:05:19","ClassicQ","asym1","###",34.1213276412276,201.9,0.532440358123508,"#",40.4339791099845,196.1,0.135724788838354,"###",10,150,3,80,0,30,50,50,"#####",3,1,"noise",120,0.2,1,0.55,0.9,"altruistic","#####",3,1,"noise",120,0.2,1,0.55,0.9,"altruistic","#####",3,1,"noise",120,0.2,1,0.55,0.9,"altruistic"
"3",1944,"2017-06-11 01:05:19","ClassicQ","asym2","###",46.7440905355961,170.3,0.0153448611529,"#",40.4339791099845,196.1,0.135724788838354,"###",10,150,3,80,0,10,50,50,"#####",3,1,"noise",120,0.2,1,0.55,0.9,"altruistic","#####",3,1,"noise",120,0.2,1,0.55,0.9,"altruistic","#####",3,1,"noise",120,0.2,1,0.55,0.9,"altruistic"
